episode,n,mult,agent_rays,baseline_rays,gap,resolved
0,4,8,9,7,2,1
1,3,5,1,1,0,1
2,4,6,4,3,1,1
3,4,4,3,3,0,1
4,2,12,11,3,8,1
5,2,10,1,1,0,1
6,4,15,38,19,19,1
7,2,18,17,17,0,1
8,4,10,9,9,0,1
9,2,13,1,1,0,1
10,2,2,1,1,0,1
11,3,17,16,5,11,1
12,2,16,7,4,3,1
13,4,2,1,1,0,1
14,3,16,27,9,18,1
15,3,6,6,3,3,1
16,2,20,3,3,0,1
17,3,19,37,4,33,1
18,2,18,17,17,0,1
19,2,12,11,11,0,1
20,4,9,11,8,3,1
21,4,12,3,3,0,1
22,4,8,3,3,0,1
23,2,4,1,1,0,1
24,2,18,17,17,0,1
25,3,4,3,3,0,1
26,2,18,13,4,9,1
27,4,18,40,17,23,0
28,2,9,2,2,0,1
29,4,19,14,10,4,1
30,2,18,1,1,0,1
31,2,8,2,2,0,1
32,4,4,4,3,1,1
33,4,2,1,1,0,1
34,3,9,8,4,4,1
35,4,17,40,13,27,0
36,2,12,11,3,8,1
37,3,2,1,1,0,1
38,4,20,21,7,14,1
39,3,14,13,5,8,1
40,2,11,4,4,0,1
41,4,2,1,1,0,1
42,4,3,2,2,0,1
43,3,12,5,3,2,1
44,4,9,6,3,3,1
45,4,14,25,7,18,1
46,4,20,40,19,21,0
47,4,5,2,2,0,1
48,4,11,30,16,14,1
49,4,6,7,3,4,1
50,2,4,3,3,0,1
51,4,4,3,3,0,1
52,3,9,5,5,0,1
53,4,15,33,9,24,1
54,3,13,17,12,5,1
55,4,9,11,4,7,1
56,4,15,40,8,32,0
57,4,11,27,19,8,1
58,2,18,17,17,0,1
59,4,20,40,16,24,0
60,3,2,1,1,0,1
61,3,6,8,5,3,1
62,2,3,1,1,0,1
63,2,16,3,3,0,1
64,4,6,3,3,0,1
65,3,17,13,3,10,1
66,3,3,2,2,0,1
67,4,4,1,1,0,1
68,2,19,13,6,7,1
69,3,17,4,4,0,1
70,4,14,13,7,6,1
71,3,3,2,2,0,1
72,4,9,2,2,0,1
73,4,4,4,3,1,1
74,2,7,3,3,0,1
75,4,17,40,13,27,0
76,2,12,8,3,5,1
77,2,6,1,1,0,1
78,4,3,2,2,0,1
79,3,4,4,3,1,1
80,2,3,1,1,0,1
81,3,15,5,5,0,1
82,2,17,8,8,0,1
83,3,16,5,4,1,1
84,2,3,2,2,0,1
85,4,5,4,4,0,1
86,2,20,7,7,0,1
87,2,10,9,9,0,1
88,4,20,5,5,0,1
89,2,18,10,4,6,1
90,2,7,3,3,0,1
91,2,3,2,2,0,1
92,3,13,17,12,5,1
93,4,9,6,4,2,1
94,3,20,37,4,33,1
95,3,19,6,6,0,1
96,3,13,4,3,1,1
97,3,8,3,3,0,1
98,2,8,4,2,2,1
99,3,15,19,7,12,1
100,3,5,1,1,0,1
101,2,20,9,7,2,1
102,4,2,1,1,0,1
103,3,5,1,1,0,1
104,3,16,5,5,0,1
105,3,20,7,2,5,1
106,2,12,11,11,0,1
107,2,4,1,1,0,1
108,4,18,17,17,0,1
109,3,4,1,1,0,1
110,4,7,3,3,0,1
111,3,17,18,10,8,1
112,4,7,2,2,0,1
113,4,3,1,1,0,1
114,3,13,6,6,0,1
115,2,5,2,2,0,1
116,3,19,40,9,31,0
117,4,8,12,13,-1,1
118,3,6,1,1,0,1
119,4,10,11,9,2,1
120,2,14,6,5,1,1
121,4,4,4,3,1,1
122,2,7,6,6,0,1
123,4,17,14,8,6,1
124,4,9,16,11,5,1
125,2,13,3,3,0,1
126,2,4,3,3,0,1
127,2,14,5,5,0,1
128,2,9,2,2,0,1
129,4,5,2,2,0,1
130,3,15,14,9,5,1
131,2,2,1,1,0,1
132,3,8,7,7,0,1
133,3,16,33,15,18,1
134,2,4,3,3,0,1
135,3,8,3,3,0,1
136,3,2,1,1,0,1
137,2,18,30,3,27,1
138,2,12,3,3,0,1
139,4,15,5,5,0,1
140,3,7,3,3,0,1
141,3,14,7,6,1,1
142,4,7,8,6,2,1
143,2,19,11,3,8,1
144,3,5,3,2,1,1
145,3,6,4,4,0,1
146,2,9,2,2,0,1
147,2,4,3,3,0,1
148,2,20,9,7,2,1
149,4,2,1,1,0,1
150,2,13,6,4,2,1
151,4,16,26,11,15,1
152,3,14,40,13,27,0
153,2,14,2,2,0,1
154,4,13,9,4,5,1
155,2,16,15,15,0,1
156,2,11,2,2,0,1
157,3,15,8,7,1,1
158,4,19,40,10,30,0
159,3,17,8,8,0,1
160,3,11,3,2,1,1
161,4,13,18,13,5,1
162,3,13,3,2,1,1
163,3,3,1,1,0,1
164,4,5,5,4,1,1
165,3,13,1,1,0,1
166,3,4,3,2,1,1
167,4,8,16,10,6,1
168,3,4,3,3,0,1
169,2,16,1,1,0,1
170,3,5,4,4,0,1
171,3,17,7,2,5,1
172,2,16,5,5,0,1
173,2,19,4,4,0,1
174,2,16,15,3,12,1
175,2,13,6,2,4,1
176,2,3,1,1,0,1
177,2,14,7,5,2,1
178,3,3,2,2,0,1
179,3,2,1,1,0,1
180,3,15,26,6,20,1
181,4,2,1,1,0,1
182,3,11,9,6,3,1
183,4,2,1,1,0,1
184,3,5,2,2,0,1
185,4,11,23,11,12,1
186,2,7,1,1,0,1
187,2,4,1,1,0,1
188,3,7,6,6,0,1
189,4,7,6,6,0,1
190,3,17,7,5,2,1
191,4,12,21,11,10,1
192,3,10,4,4,0,1
193,3,2,1,1,0,1
194,3,18,40,5,35,0
195,3,3,1,1,0,1
196,2,10,1,1,0,1
197,3,3,1,1,0,1
198,3,2,1,1,0,1
199,2,20,18,2,16,1
